Timestamp,Source IP,Destination IP,Protocol,Type,Code
2024-11-19 13:03:57,192.168.1.158,192.168.1.57,ICMP,8,0
2024-11-19 13:03:57,192.168.1.57,192.168.1.158,ICMP,0,0
2024-11-19 13:03:57,192.168.1.158,192.168.1.57,TCP,30778,41720
2024-11-19 13:03:57,192.168.1.57,192.168.1.158,TCP,41720,30778
2024-11-19 13:03:58,192.168.1.158,192.168.1.57,ICMP,8,0
2024-11-19 13:03:58,192.168.1.57,192.168.1.158,ICMP,0,0
2024-11-19 13:03:58,192.168.1.158,192.168.1.57,TCP,30778,41720
2024-11-19 13:03:58,192.168.1.57,192.168.1.158,TCP,41720,30778
2024-11-19 13:03:59,192.168.1.158,192.168.1.57,ICMP,8,0
2024-11-19 13:03:59,192.168.1.57,192.168.1.158,ICMP,0,0
2024-11-19 13:03:59,192.168.1.158,192.168.1.57,TCP,30778,41720
2024-11-19 13:03:59,192.168.1.57,192.168.1.158,TCP,41720,30778
2024-11-19 13:04:00,192.168.1.158,192.168.1.57,ICMP,8,0
2024-11-19 13:04:00,192.168.1.57,192.168.1.158,ICMP,0,0
2024-11-19 13:04:00,192.168.1.158,192.168.1.57,TCP,30778,41720
2024-11-19 13:04:00,192.168.1.57,192.168.1.158,TCP,41720,30778
2024-11-19 13:04:01,192.168.1.158,192.168.1.57,ICMP,8,0
2024-11-19 13:04:01,192.168.1.57,192.168.1.158,ICMP,0,0
2024-11-19 13:04:01,192.168.1.158,192.168.1.57,TCP,30778,41720
2024-11-19 13:04:01,192.168.1.57,192.168.1.158,TCP,41720,30778
2024-11-19 13:04:02,192.168.1.158,192.168.1.57,ICMP,8,0
2024-11-19 13:04:02,192.168.1.57,192.168.1.158,ICMP,0,0
2024-11-19 13:04:02,192.168.1.158,192.168.1.57,TCP,30778,41720
2024-11-19 13:04:02,192.168.1.57,192.168.1.158,TCP,41720,30778
2024-11-19 13:04:03,192.168.1.158,192.168.1.57,ICMP,8,0
2024-11-19 13:04:03,192.168.1.57,192.168.1.158,ICMP,0,0
2024-11-19 13:04:04,192.168.1.158,192.168.1.57,TCP,30778,41720
2024-11-19 13:04:04,192.168.1.57,192.168.1.158,TCP,41720,30778
2024-11-19 13:04:04,192.168.1.158,192.168.1.57,ICMP,8,0
2024-11-19 13:04:04,192.168.1.57,192.168.1.158,ICMP,0,0
2024-11-19 13:04:04,192.168.1.158,192.168.1.57,TCP,30778,41720
2024-11-19 13:04:04,192.168.1.57,192.168.1.158,TCP,41720,30778
2024-11-19 13:04:05,192.168.1.158,192.168.1.57,ICMP,8,0
2024-11-19 13:04:05,192.168.1.57,192.168.1.158,ICMP,0,0
2024-11-19 13:04:05,192.168.1.158,192.168.1.57,TCP,30778,41720
2024-11-19 13:04:05,192.168.1.57,192.168.1.158,TCP,41720,30778
2024-11-19 13:04:06,192.168.1.57,192.168.1.158,TCP,34140,30778
2024-11-19 13:04:06,192.168.1.158,192.168.1.57,TCP,30778,34140
2024-11-19 13:04:06,192.168.1.57,192.168.1.158,TCP,34140,30778
2024-11-19 13:04:06,192.168.1.57,192.168.1.158,TCP,34140,30778
2024-11-19 13:04:06,192.168.1.158,192.168.1.57,ICMP,8,0
2024-11-19 13:04:06,192.168.1.57,192.168.1.158,ICMP,0,0
2024-11-19 13:04:06,192.168.1.158,192.168.1.57,TCP,30778,34140
2024-11-19 13:04:06,192.168.1.158,192.168.1.57,TCP,30778,41720
2024-11-19 13:04:06,192.168.1.57,192.168.1.158,TCP,41720,30778
2024-11-19 13:04:06,192.168.1.158,192.168.1.57,TCP,30778,34140
2024-11-19 13:04:06,192.168.1.57,192.168.1.158,TCP,34140,30778
2024-11-19 13:04:06,192.168.1.57,192.168.1.158,TCP,34140,30778
2024-11-19 13:04:06,192.168.1.158,192.168.1.57,TCP,30778,34140
2024-11-19 13:04:06,192.168.1.158,192.168.1.57,TCP,30778,34140
2024-11-19 13:04:06,192.168.1.57,192.168.1.158,TCP,34140,30778
2024-11-19 13:04:06,192.168.1.57,192.168.1.158,TCP,34140,30778
2024-11-19 13:04:06,192.168.1.158,192.168.1.57,TCP,30778,34140
2024-11-19 13:04:06,192.168.1.57,192.168.1.158,TCP,34140,30778
2024-11-19 13:04:06,192.168.1.57,192.168.1.158,TCP,34140,30778
2024-11-19 13:04:06,192.168.1.158,192.168.1.57,TCP,30778,34140
2024-11-19 13:04:06,192.168.1.57,192.168.1.158,TCP,34140,30778
2024-11-19 13:04:06,192.168.1.158,192.168.1.57,TCP,30778,34140
2024-11-19 13:04:06,192.168.1.158,192.168.1.57,TCP,30778,34140
2024-11-19 13:04:06,192.168.1.57,192.168.1.158,TCP,34140,30778
2024-11-19 13:04:06,192.168.1.158,192.168.1.57,TCP,30778,34140
2024-11-19 13:04:06,192.168.1.57,192.168.1.158,TCP,34140,30778
2024-11-19 13:04:06,192.168.1.57,192.168.1.158,TCP,34140,30778
2024-11-19 13:04:06,192.168.1.158,192.168.1.57,TCP,30778,34140
2024-11-19 13:04:06,192.168.1.57,192.168.1.158,TCP,34140,30778
2024-11-19 13:04:06,192.168.1.158,192.168.1.57,TCP,30778,34140
2024-11-19 13:04:06,192.168.1.57,192.168.1.158,TCP,34140,30778
2024-11-19 13:04:06,192.168.1.158,192.168.1.57,TCP,30778,34140
2024-11-19 13:04:06,192.168.1.158,192.168.1.57,TCP,30778,34140
2024-11-19 13:04:06,192.168.1.57,192.168.1.158,TCP,34140,30778
2024-11-19 13:04:06,192.168.1.158,192.168.1.57,TCP,30778,34140
2024-11-19 13:04:06,192.168.1.57,192.168.1.158,TCP,34140,30778
2024-11-19 13:04:06,192.168.1.57,192.168.1.158,TCP,34140,30778
2024-11-19 13:04:06,192.168.1.158,192.168.1.57,TCP,30778,34140
2024-11-19 13:04:06,192.168.1.158,192.168.1.57,TCP,30778,34140
2024-11-19 13:04:06,192.168.1.158,192.168.1.57,TCP,30778,34140
2024-11-19 13:04:06,192.168.1.57,192.168.1.158,TCP,34140,30778
2024-11-19 13:04:07,192.168.1.158,192.168.1.57,TCP,30778,34140
2024-11-19 13:04:07,192.168.1.57,192.168.1.158,TCP,34140,30778
2024-11-19 13:04:07,192.168.1.158,192.168.1.57,ICMP,8,0
2024-11-19 13:04:07,192.168.1.57,192.168.1.158,ICMP,0,0
2024-11-19 13:04:07,192.168.1.158,192.168.1.57,TCP,30778,41720
2024-11-19 13:04:07,192.168.1.57,192.168.1.158,TCP,41720,30778
2024-11-19 13:04:08,192.168.1.158,192.168.1.57,ICMP,8,0
2024-11-19 13:04:08,192.168.1.57,192.168.1.158,ICMP,0,0
2024-11-19 13:04:08,192.168.1.158,192.168.1.57,TCP,30778,41720
2024-11-19 13:04:08,192.168.1.57,192.168.1.158,TCP,41720,30778
2024-11-19 13:04:09,192.168.1.158,192.168.1.57,ICMP,8,0
2024-11-19 13:04:09,192.168.1.57,192.168.1.158,ICMP,0,0
2024-11-19 13:04:09,192.168.1.158,192.168.1.57,TCP,30778,41720
2024-11-19 13:04:09,192.168.1.57,192.168.1.158,TCP,41720,30778
2024-11-19 13:04:10,192.168.1.57,192.168.1.158,TCP,34140,30778
2024-11-19 13:04:10,192.168.1.158,192.168.1.57,ICMP,8,0
2024-11-19 13:04:10,192.168.1.158,192.168.1.57,TCP,30778,34140
2024-11-19 13:04:10,192.168.1.57,192.168.1.158,ICMP,0,0
2024-11-19 13:04:10,192.168.1.57,192.168.1.158,TCP,34140,30778
2024-11-19 13:04:10,192.168.1.158,192.168.1.57,TCP,30778,41720
2024-11-19 13:04:10,192.168.1.57,192.168.1.158,TCP,41720,30778
2024-11-19 13:04:11,192.168.1.158,192.168.1.57,ICMP,8,0
2024-11-19 13:04:11,192.168.1.57,192.168.1.158,ICMP,0,0
2024-11-19 13:04:11,192.168.1.158,192.168.1.57,TCP,30778,41720
2024-11-19 13:04:11,192.168.1.57,192.168.1.158,TCP,41720,30778
2024-11-19 13:04:12,192.168.1.57,192.168.1.158,TCP,34140,30778
2024-11-19 13:04:12,192.168.1.158,192.168.1.57,ICMP,8,0
2024-11-19 13:04:12,192.168.1.158,192.168.1.57,TCP,30778,34140
2024-11-19 13:04:12,192.168.1.57,192.168.1.158,ICMP,0,0
2024-11-19 13:04:12,192.168.1.158,192.168.1.57,TCP,30778,41720
2024-11-19 13:04:12,192.168.1.57,192.168.1.158,TCP,41720,30778
2024-11-19 13:04:13,192.168.1.158,192.168.1.57,ICMP,8,0
2024-11-19 13:04:13,192.168.1.57,192.168.1.158,ICMP,0,0
2024-11-19 13:04:13,192.168.1.158,192.168.1.57,TCP,30778,41720
2024-11-19 13:04:13,192.168.1.57,192.168.1.158,TCP,41720,30778
2024-11-19 13:04:13,192.168.1.57,192.168.1.158,TCP,34140,30778
2024-11-19 13:04:13,192.168.1.158,192.168.1.57,TCP,30778,34140
2024-11-19 13:04:13,192.168.1.158,192.168.1.57,TCP,30778,34140
2024-11-19 13:04:13,192.168.1.57,192.168.1.158,TCP,34140,30778
2024-11-19 13:04:13,192.168.1.158,192.168.1.57,TCP,30778,34140
2024-11-19 13:04:13,192.168.1.57,192.168.1.158,TCP,34140,30778
2024-11-19 13:04:14,192.168.1.158,192.168.1.57,ICMP,8,0
2024-11-19 13:04:14,192.168.1.57,192.168.1.158,ICMP,0,0
2024-11-19 13:04:14,192.168.1.158,192.168.1.57,TCP,30778,41720
2024-11-19 13:04:14,192.168.1.57,192.168.1.158,TCP,41720,30778
2024-11-19 13:04:15,192.168.1.57,192.168.1.158,TCP,34140,30778
2024-11-19 13:04:15,192.168.1.158,192.168.1.57,TCP,30778,34140
2024-11-19 13:04:15,192.168.1.57,192.168.1.158,TCP,34140,30778
2024-11-19 13:04:15,192.168.1.158,192.168.1.57,TCP,30778,34140
2024-11-19 13:04:15,192.168.1.57,192.168.1.158,TCP,34140,30778
2024-11-19 13:04:15,192.168.1.158,192.168.1.57,ICMP,8,0
2024-11-19 13:04:15,192.168.1.57,192.168.1.158,ICMP,0,0
2024-11-19 13:04:15,192.168.1.158,192.168.1.57,TCP,30778,41720
2024-11-19 13:04:15,192.168.1.57,192.168.1.158,TCP,41720,30778
2024-11-19 13:04:16,192.168.1.57,192.168.1.158,TCP,34140,30778
2024-11-19 13:04:16,192.168.1.158,192.168.1.57,TCP,30778,34140
2024-11-19 13:04:16,192.168.1.57,192.168.1.158,TCP,34140,30778
2024-11-19 13:04:16,192.168.1.57,192.168.1.158,TCP,34140,30778
2024-11-19 13:04:16,192.168.1.158,192.168.1.57,TCP,30778,34140
2024-11-19 13:04:16,192.168.1.57,192.168.1.158,TCP,34140,30778
2024-11-19 13:04:16,192.168.1.57,192.168.1.158,TCP,34140,30778
2024-11-19 13:04:16,192.168.1.158,192.168.1.57,TCP,30778,34140
2024-11-19 13:04:16,192.168.1.57,192.168.1.158,TCP,34140,30778
2024-11-19 13:04:16,192.168.1.57,192.168.1.158,TCP,34140,30778
2024-11-19 13:04:16,192.168.1.158,192.168.1.57,TCP,30778,34140
2024-11-19 13:04:16,192.168.1.57,192.168.1.158,TCP,34140,30778
2024-11-19 13:04:16,192.168.1.158,192.168.1.57,ICMP,8,0
2024-11-19 13:04:16,192.168.1.57,192.168.1.158,ICMP,0,0
2024-11-19 13:04:16,192.168.1.158,192.168.1.57,TCP,30778,41720
2024-11-19 13:04:16,192.168.1.57,192.168.1.158,TCP,41720,30778
2024-11-19 13:04:16,192.168.1.57,192.168.1.158,TCP,34140,30778
2024-11-19 13:04:16,192.168.1.158,192.168.1.57,TCP,30778,34140
2024-11-19 13:04:16,192.168.1.57,192.168.1.158,TCP,34140,30778
2024-11-19 13:04:17,192.168.1.57,192.168.1.158,TCP,34140,30778
2024-11-19 13:04:17,192.168.1.158,192.168.1.57,ICMP,8,0
2024-11-19 13:04:17,192.168.1.158,192.168.1.57,TCP,30778,34140
2024-11-19 13:04:17,192.168.1.57,192.168.1.158,TCP,34140,30778
2024-11-19 13:04:17,192.168.1.57,192.168.1.158,ICMP,0,0
2024-11-19 13:04:17,192.168.1.158,192.168.1.57,TCP,30778,41720
2024-11-19 13:04:17,192.168.1.57,192.168.1.158,TCP,41720,30778
2024-11-19 13:04:17,192.168.1.158,192.168.1.57,TCP,30778,34140
2024-11-19 13:04:17,192.168.1.57,192.168.1.158,TCP,34140,30778
2024-11-19 13:04:17,192.168.1.158,192.168.1.57,TCP,30778,34140
2024-11-19 13:04:17,192.168.1.57,192.168.1.158,TCP,34140,30778
2024-11-19 13:04:18,192.168.1.158,192.168.1.57,ICMP,8,0
2024-11-19 13:04:18,192.168.1.57,192.168.1.158,ICMP,0,0
2024-11-19 13:04:19,192.168.1.158,192.168.1.57,TCP,30778,41720
2024-11-19 13:04:19,192.168.1.57,192.168.1.158,TCP,41720,30778
2024-11-19 13:04:19,192.168.1.158,192.168.1.57,ICMP,8,0
2024-11-19 13:04:19,192.168.1.57,192.168.1.158,ICMP,0,0
2024-11-19 13:04:19,192.168.1.158,192.168.1.57,TCP,30778,41720
2024-11-19 13:04:19,192.168.1.57,192.168.1.158,TCP,41720,30778
2024-11-19 13:04:20,192.168.1.57,192.168.1.158,TCP,34140,30778
2024-11-19 13:04:20,192.168.1.57,192.168.1.158,TCP,34140,30778
2024-11-19 13:04:20,192.168.1.158,192.168.1.57,ICMP,8,0
2024-11-19 13:04:20,192.168.1.158,192.168.1.57,TCP,30778,34140
2024-11-19 13:04:20,192.168.1.57,192.168.1.158,ICMP,0,0
2024-11-19 13:04:20,192.168.1.57,192.168.1.158,TCP,34140,30778
2024-11-19 13:04:20,192.168.1.158,192.168.1.57,TCP,30778,34140
2024-11-19 13:04:20,192.168.1.57,192.168.1.158,TCP,34140,30778
2024-11-19 13:04:20,192.168.1.158,192.168.1.57,TCP,30778,41720
2024-11-19 13:04:20,192.168.1.57,192.168.1.158,TCP,41720,30778
2024-11-19 13:04:20,192.168.1.57,192.168.1.158,TCP,34140,30778
2024-11-19 13:04:21,192.168.1.158,192.168.1.57,TCP,30778,34140
2024-11-19 13:04:21,192.168.1.57,192.168.1.158,TCP,34140,30778
2024-11-19 13:04:21,192.168.1.158,192.168.1.57,ICMP,8,0
2024-11-19 13:04:21,192.168.1.57,192.168.1.158,ICMP,0,0
2024-11-19 13:04:21,192.168.1.158,192.168.1.57,TCP,30778,41720
2024-11-19 13:04:21,192.168.1.57,192.168.1.158,TCP,41720,30778
2024-11-19 13:04:22,192.168.1.57,192.168.1.158,TCP,34140,30778
2024-11-19 13:04:22,192.168.1.57,192.168.1.158,TCP,34140,30778
2024-11-19 13:04:22,192.168.1.57,192.168.1.158,TCP,34140,30778
2024-11-19 13:04:22,192.168.1.158,192.168.1.57,TCP,30778,34140
2024-11-19 13:04:22,192.168.1.158,192.168.1.57,TCP,30778,34140
2024-11-19 13:04:22,192.168.1.57,192.168.1.158,TCP,34140,30778
2024-11-19 13:04:22,192.168.1.158,192.168.1.57,ICMP,8,0
2024-11-19 13:04:22,192.168.1.57,192.168.1.158,ICMP,0,0
2024-11-19 13:04:22,192.168.1.158,192.168.1.57,TCP,30778,41720
2024-11-19 13:04:22,192.168.1.57,192.168.1.158,TCP,41720,30778
2024-11-19 13:04:22,192.168.1.57,192.168.1.158,TCP,34140,30778
2024-11-19 13:04:22,192.168.1.158,192.168.1.57,TCP,30778,34140
2024-11-19 13:04:22,192.168.1.57,192.168.1.158,TCP,34140,30778
2024-11-19 13:04:23,192.168.1.57,192.168.1.158,TCP,34140,30778
2024-11-19 13:04:23,192.168.1.57,192.168.1.158,TCP,34140,30778
2024-11-19 13:04:23,192.168.1.158,192.168.1.57,TCP,30778,34140
2024-11-19 13:04:23,192.168.1.57,192.168.1.158,TCP,34140,30778
2024-11-19 13:04:23,192.168.1.158,192.168.1.57,TCP,30778,34140
2024-11-19 13:04:23,192.168.1.57,192.168.1.158,TCP,34140,30778
2024-11-19 13:04:23,192.168.1.57,192.168.1.158,TCP,34140,30778
2024-11-19 13:04:23,192.168.1.158,192.168.1.57,TCP,30778,34140
2024-11-19 13:04:23,192.168.1.57,192.168.1.158,TCP,34140,30778
2024-11-19 13:04:23,192.168.1.57,192.168.1.158,TCP,34140,30778
2024-11-19 13:04:23,192.168.1.158,192.168.1.57,TCP,30778,34140
2024-11-19 13:04:23,192.168.1.57,192.168.1.158,TCP,34140,30778
2024-11-19 13:04:23,192.168.1.158,192.168.1.57,ICMP,8,0
2024-11-19 13:04:23,192.168.1.57,192.168.1.158,ICMP,0,0
2024-11-19 13:04:23,192.168.1.158,192.168.1.57,TCP,30778,41720
2024-11-19 13:04:23,192.168.1.57,192.168.1.158,TCP,41720,30778
2024-11-19 13:04:23,192.168.1.57,192.168.1.158,TCP,34140,30778
2024-11-19 13:04:23,192.168.1.158,192.168.1.57,TCP,30778,34140
2024-11-19 13:04:23,192.168.1.57,192.168.1.158,TCP,34140,30778
2024-11-19 13:04:24,192.168.1.57,192.168.1.158,TCP,34140,30778
2024-11-19 13:04:24,192.168.1.158,192.168.1.57,TCP,30778,34140
2024-11-19 13:04:24,192.168.1.57,192.168.1.158,TCP,34140,30778
2024-11-19 13:04:24,192.168.1.57,192.168.1.158,TCP,34140,30778
2024-11-19 13:04:24,192.168.1.158,192.168.1.57,TCP,30778,34140
2024-11-19 13:04:24,192.168.1.57,192.168.1.158,TCP,34140,30778
2024-11-19 13:04:24,192.168.1.158,192.168.1.57,ICMP,8,0
2024-11-19 13:04:24,192.168.1.57,192.168.1.158,ICMP,0,0
2024-11-19 13:04:24,192.168.1.158,192.168.1.57,TCP,30778,41720
2024-11-19 13:04:24,192.168.1.57,192.168.1.158,TCP,41720,30778
2024-11-19 13:04:25,192.168.1.57,192.168.1.158,TCP,34140,30778
2024-11-19 13:04:25,192.168.1.57,192.168.1.158,TCP,34140,30778
2024-11-19 13:04:25,192.168.1.158,192.168.1.57,TCP,30778,34140
2024-11-19 13:04:25,192.168.1.57,192.168.1.158,TCP,34140,30778
2024-11-19 13:04:25,192.168.1.158,192.168.1.57,TCP,30778,34140
2024-11-19 13:04:25,192.168.1.57,192.168.1.158,TCP,34140,30778
2024-11-19 13:04:25,192.168.1.57,192.168.1.158,TCP,34140,30778
2024-11-19 13:04:25,192.168.1.158,192.168.1.57,TCP,30778,34140
2024-11-19 13:04:25,192.168.1.57,192.168.1.158,TCP,34140,30778
2024-11-19 13:04:25,192.168.1.158,192.168.1.57,ICMP,8,0
2024-11-19 13:04:25,192.168.1.57,192.168.1.158,ICMP,0,0
2024-11-19 13:04:25,192.168.1.158,192.168.1.57,TCP,30778,41720
2024-11-19 13:04:25,192.168.1.57,192.168.1.158,TCP,41720,30778
2024-11-19 13:04:26,192.168.1.57,192.168.1.158,TCP,34140,30778
2024-11-19 13:04:26,192.168.1.158,192.168.1.57,TCP,30778,34140
2024-11-19 13:04:26,192.168.1.57,192.168.1.158,TCP,34140,30778
2024-11-19 13:04:26,192.168.1.57,192.168.1.158,TCP,34140,30778
2024-11-19 13:04:26,192.168.1.158,192.168.1.57,TCP,30778,34140
2024-11-19 13:04:26,192.168.1.57,192.168.1.158,TCP,34140,30778
2024-11-19 13:04:26,192.168.1.158,192.168.1.57,ICMP,8,0
2024-11-19 13:04:26,192.168.1.57,192.168.1.158,ICMP,0,0
2024-11-19 13:04:26,192.168.1.158,192.168.1.57,TCP,30778,41720
2024-11-19 13:04:26,192.168.1.57,192.168.1.158,TCP,41720,30778
2024-11-19 13:04:27,192.168.1.158,192.168.1.57,ICMP,8,0
2024-11-19 13:04:27,192.168.1.57,192.168.1.158,ICMP,0,0
2024-11-19 13:04:27,192.168.1.158,192.168.1.57,TCP,30778,41720
2024-11-19 13:04:27,192.168.1.57,192.168.1.158,TCP,41720,30778
2024-11-19 13:04:27,192.168.1.57,192.168.1.158,TCP,34140,30778
2024-11-19 13:04:27,192.168.1.158,192.168.1.57,TCP,30778,34140
2024-11-19 13:04:27,192.168.1.158,192.168.1.57,TCP,30778,34140
2024-11-19 13:04:27,192.168.1.57,192.168.1.158,TCP,34140,30778
2024-11-19 13:04:27,192.168.1.57,192.168.1.158,TCP,34140,30778
2024-11-19 13:04:28,192.168.1.158,192.168.1.57,ICMP,8,0
2024-11-19 13:04:28,192.168.1.57,192.168.1.158,ICMP,0,0
2024-11-19 13:04:28,192.168.1.158,192.168.1.57,TCP,30778,41720
2024-11-19 13:04:28,192.168.1.57,192.168.1.158,TCP,41720,30778
2024-11-19 13:04:29,192.168.1.57,192.168.1.158,TCP,34140,30778
2024-11-19 13:04:29,192.168.1.158,192.168.1.57,TCP,30778,34140
2024-11-19 13:04:29,192.168.1.57,192.168.1.158,TCP,34140,30778
2024-11-19 13:04:29,192.168.1.57,192.168.1.158,TCP,34140,30778
2024-11-19 13:04:29,192.168.1.158,192.168.1.57,TCP,30778,34140
2024-11-19 13:04:29,192.168.1.57,192.168.1.158,TCP,34140,30778
2024-11-19 13:04:29,192.168.1.57,192.168.1.158,TCP,34140,30778
2024-11-19 13:04:29,192.168.1.57,192.168.1.158,TCP,34140,30778
2024-11-19 13:04:29,192.168.1.158,192.168.1.57,TCP,30778,34140
2024-11-19 13:04:29,192.168.1.158,192.168.1.57,TCP,30778,34140
2024-11-19 13:04:29,192.168.1.57,192.168.1.158,TCP,34140,30778
2024-11-19 13:04:29,192.168.1.57,192.168.1.158,TCP,34140,30778
2024-11-19 13:04:29,192.168.1.158,192.168.1.57,TCP,30778,34140
2024-11-19 13:04:29,192.168.1.158,192.168.1.57,ICMP,8,0
2024-11-19 13:04:29,192.168.1.57,192.168.1.158,ICMP,0,0
2024-11-19 13:04:29,192.168.1.57,192.168.1.158,TCP,34140,30778
2024-11-19 13:04:29,192.168.1.158,192.168.1.57,TCP,30778,41720
2024-11-19 13:04:29,192.168.1.57,192.168.1.158,TCP,41720,30778
2024-11-19 13:04:29,192.168.1.57,192.168.1.158,TCP,34140,30778
2024-11-19 13:04:29,192.168.1.158,192.168.1.57,TCP,30778,34140
2024-11-19 13:04:29,192.168.1.57,192.168.1.158,TCP,34140,30778
2024-11-19 13:04:30,192.168.1.57,192.168.1.158,TCP,34140,30778
2024-11-19 13:04:30,192.168.1.158,192.168.1.57,TCP,30778,34140
2024-11-19 13:04:30,192.168.1.57,192.168.1.158,TCP,34140,30778
2024-11-19 13:04:30,192.168.1.57,192.168.1.158,TCP,34140,30778
2024-11-19 13:04:30,192.168.1.158,192.168.1.57,TCP,30778,34140
2024-11-19 13:04:30,192.168.1.57,192.168.1.158,TCP,34140,30778
2024-11-19 13:04:30,192.168.1.57,192.168.1.158,TCP,34140,30778
2024-11-19 13:04:30,192.168.1.158,192.168.1.57,TCP,30778,34140
2024-11-19 13:04:30,192.168.1.57,192.168.1.158,TCP,34140,30778
2024-11-19 13:04:30,192.168.1.57,192.168.1.158,TCP,34140,30778
2024-11-19 13:04:30,192.168.1.158,192.168.1.57,TCP,30778,34140
2024-11-19 13:04:30,192.168.1.57,192.168.1.158,TCP,34140,30778
2024-11-19 13:04:30,192.168.1.158,192.168.1.57,ICMP,8,0
2024-11-19 13:04:30,192.168.1.57,192.168.1.158,ICMP,0,0
2024-11-19 13:04:30,192.168.1.158,192.168.1.57,TCP,30778,41720
2024-11-19 13:04:30,192.168.1.57,192.168.1.158,TCP,41720,30778
2024-11-19 13:04:30,192.168.1.57,192.168.1.158,TCP,34140,30778
2024-11-19 13:04:30,192.168.1.158,192.168.1.57,TCP,30778,34140
2024-11-19 13:04:30,192.168.1.57,192.168.1.158,TCP,34140,30778
2024-11-19 13:04:31,192.168.1.57,192.168.1.158,TCP,34140,30778
2024-11-19 13:04:31,192.168.1.158,192.168.1.57,TCP,30778,34140
2024-11-19 13:04:31,192.168.1.158,192.168.1.57,TCP,30778,34140
2024-11-19 13:04:31,192.168.1.57,192.168.1.158,TCP,34140,30778
2024-11-19 13:04:31,192.168.1.158,192.168.1.57,ICMP,8,0
2024-11-19 13:04:31,192.168.1.57,192.168.1.158,ICMP,0,0
2024-11-19 13:04:31,192.168.1.158,192.168.1.57,TCP,30778,41720
2024-11-19 13:04:31,192.168.1.57,192.168.1.158,TCP,41720,30778
2024-11-19 13:04:31,192.168.1.57,192.168.1.158,TCP,34140,30778
2024-11-19 13:04:31,192.168.1.158,192.168.1.57,TCP,30778,34140
2024-11-19 13:04:31,192.168.1.158,192.168.1.57,TCP,30778,34140
2024-11-19 13:04:31,192.168.1.57,192.168.1.158,TCP,34140,30778
2024-11-19 13:04:32,192.168.1.57,192.168.1.158,TCP,33348,30778
2024-11-19 13:04:32,192.168.1.158,192.168.1.57,TCP,30778,33348
2024-11-19 13:04:32,192.168.1.57,192.168.1.158,TCP,33348,30778
2024-11-19 13:04:32,192.168.1.57,192.168.1.158,TCP,34140,30778
2024-11-19 13:04:32,192.168.1.158,192.168.1.57,TCP,30778,34140
2024-11-19 13:04:32,192.168.1.57,192.168.1.158,TCP,34140,30778
2024-11-19 13:04:32,192.168.1.57,192.168.1.158,TCP,34140,30778
2024-11-19 13:04:32,192.168.1.158,192.168.1.57,TCP,30778,34140
2024-11-19 13:04:32,192.168.1.57,192.168.1.158,TCP,34140,30778
2024-11-19 13:04:32,192.168.1.158,192.168.1.57,TCP,30778,34140
2024-11-19 13:04:32,192.168.1.57,192.168.1.158,TCP,34140,30778
2024-11-19 13:04:32,192.168.1.158,192.168.1.57,TCP,30778,34140
2024-11-19 13:04:32,192.168.1.57,192.168.1.158,TCP,34140,30778
2024-11-19 13:04:32,192.168.1.158,192.168.1.57,TCP,30778,34140
2024-11-19 13:04:32,192.168.1.57,192.168.1.158,TCP,34140,30778
2024-11-19 13:04:32,192.168.1.158,192.168.1.57,TCP,30778,34140
2024-11-19 13:04:32,192.168.1.57,192.168.1.158,TCP,34140,30778
2024-11-19 13:04:32,192.168.1.158,192.168.1.57,TCP,30778,34140
2024-11-19 13:04:32,192.168.1.57,192.168.1.158,TCP,34140,30778
2024-11-19 13:04:32,192.168.1.158,192.168.1.57,ICMP,8,0
2024-11-19 13:04:32,192.168.1.57,192.168.1.158,ICMP,0,0
2024-11-19 13:04:32,192.168.1.158,192.168.1.57,TCP,30778,41720
2024-11-19 13:04:32,192.168.1.57,192.168.1.158,TCP,41720,30778
2024-11-19 13:04:32,192.168.1.158,192.168.1.57,TCP,30778,34140
2024-11-19 13:04:32,192.168.1.57,192.168.1.158,TCP,34140,30778
2024-11-19 13:04:32,192.168.1.158,192.168.1.57,TCP,30778,34140
2024-11-19 13:04:32,192.168.1.57,192.168.1.158,TCP,34140,30778
2024-11-19 13:04:32,192.168.1.158,192.168.1.57,TCP,30778,34140
2024-11-19 13:04:32,192.168.1.57,192.168.1.158,TCP,34140,30778
2024-11-19 13:04:32,192.168.1.158,192.168.1.57,TCP,30778,34140
2024-11-19 13:04:32,192.168.1.57,192.168.1.158,TCP,34140,30778
2024-11-19 13:04:32,192.168.1.158,192.168.1.57,TCP,30778,34140
2024-11-19 13:04:32,192.168.1.57,192.168.1.158,TCP,34140,30778
2024-11-19 13:04:33,192.168.1.57,192.168.1.158,TCP,34140,30778
2024-11-19 13:04:33,192.168.1.57,192.168.1.158,TCP,34140,30778
2024-11-19 13:04:33,192.168.1.57,192.168.1.158,TCP,34140,30778
2024-11-19 13:04:33,192.168.1.57,192.168.1.158,TCP,34140,30778
2024-11-19 13:04:33,192.168.1.158,192.168.1.57,TCP,30778,34140
2024-11-19 13:04:33,192.168.1.158,192.168.1.57,TCP,30778,34140
2024-11-19 13:04:33,192.168.1.57,192.168.1.158,TCP,34140,30778
2024-11-19 13:04:33,192.168.1.158,192.168.1.57,TCP,30778,34140
2024-11-19 13:04:33,192.168.1.57,192.168.1.158,TCP,34140,30778
2024-11-19 13:04:33,192.168.1.158,192.168.1.57,TCP,30778,34140
2024-11-19 13:04:33,192.168.1.57,192.168.1.158,TCP,34140,30778
2024-11-19 13:04:33,192.168.1.158,192.168.1.57,TCP,30778,34140
2024-11-19 13:04:33,192.168.1.57,192.168.1.158,TCP,34140,30778
2024-11-19 13:04:33,192.168.1.158,192.168.1.57,ICMP,8,0
2024-11-19 13:04:33,192.168.1.57,192.168.1.158,ICMP,0,0
2024-11-19 13:04:33,192.168.1.158,192.168.1.57,TCP,30778,41720
2024-11-19 13:04:33,192.168.1.57,192.168.1.158,TCP,41720,30778
2024-11-19 13:04:34,192.168.1.57,192.168.1.158,TCP,34140,30778
2024-11-19 13:04:34,192.168.1.57,192.168.1.158,TCP,34140,30778
2024-11-19 13:04:34,192.168.1.158,192.168.1.57,TCP,30778,34140
2024-11-19 13:04:34,192.168.1.158,192.168.1.57,TCP,30778,34140
2024-11-19 13:04:34,192.168.1.57,192.168.1.158,TCP,34140,30778
2024-11-19 13:04:34,192.168.1.158,192.168.1.57,ICMP,8,0
2024-11-19 13:04:34,192.168.1.57,192.168.1.158,ICMP,0,0
2024-11-19 13:04:34,192.168.1.158,192.168.1.57,TCP,30778,41720
2024-11-19 13:04:34,192.168.1.57,192.168.1.158,TCP,41720,30778
2024-11-19 13:04:34,192.168.1.57,192.168.1.158,TCP,34140,30778
2024-11-19 13:04:34,192.168.1.158,192.168.1.57,TCP,30778,34140
2024-11-19 13:04:34,192.168.1.57,192.168.1.158,TCP,34140,30778
2024-11-19 13:04:35,192.168.1.158,192.168.1.57,ICMP,8,0
2024-11-19 13:04:35,192.168.1.57,192.168.1.158,ICMP,0,0
2024-11-19 13:04:35,192.168.1.158,192.168.1.57,TCP,30778,41720
2024-11-19 13:04:35,192.168.1.57,192.168.1.158,TCP,41720,30778
2024-11-19 13:04:36,192.168.1.158,192.168.1.57,ICMP,8,0
2024-11-19 13:04:36,192.168.1.57,192.168.1.158,ICMP,0,0
2024-11-19 13:04:36,192.168.1.158,192.168.1.57,TCP,30778,41720
2024-11-19 13:04:36,192.168.1.57,192.168.1.158,TCP,41720,30778
2024-11-19 13:04:37,192.168.1.57,192.168.1.158,TCP,34140,30778
2024-11-19 13:04:37,192.168.1.158,192.168.1.57,ICMP,8,0
2024-11-19 13:04:37,192.168.1.57,192.168.1.158,ICMP,0,0
2024-11-19 13:04:37,192.168.1.158,192.168.1.57,TCP,30778,41720
2024-11-19 13:04:37,192.168.1.57,192.168.1.158,TCP,41720,30778
2024-11-19 13:04:37,192.168.1.158,192.168.1.57,TCP,30778,34140
2024-11-19 13:04:37,192.168.1.57,192.168.1.158,TCP,34140,30778
2024-11-19 13:04:38,192.168.1.57,192.168.1.158,TCP,34140,30778
2024-11-19 13:04:38,192.168.1.158,192.168.1.57,TCP,30778,34140
2024-11-19 13:04:38,192.168.1.57,192.168.1.158,TCP,34140,30778
2024-11-19 13:04:38,192.168.1.57,192.168.1.158,TCP,34140,30778
2024-11-19 13:04:38,192.168.1.158,192.168.1.57,TCP,30778,34140
2024-11-19 13:04:38,192.168.1.57,192.168.1.158,TCP,34140,30778
2024-11-19 13:04:38,192.168.1.57,192.168.1.158,TCP,34140,30778
2024-11-19 13:04:38,192.168.1.158,192.168.1.57,TCP,30778,34140
2024-11-19 13:04:38,192.168.1.57,192.168.1.158,TCP,34140,30778
2024-11-19 13:04:38,192.168.1.158,192.168.1.57,ICMP,8,0
2024-11-19 13:04:38,192.168.1.57,192.168.1.158,ICMP,0,0
2024-11-19 13:04:38,192.168.1.158,192.168.1.57,TCP,30778,41720
2024-11-19 13:04:38,192.168.1.57,192.168.1.158,TCP,41720,30778
2024-11-19 13:04:38,192.168.1.57,192.168.1.158,TCP,34140,30778
2024-11-19 13:04:38,192.168.1.158,192.168.1.57,TCP,30778,34140
2024-11-19 13:04:38,192.168.1.57,192.168.1.158,TCP,34140,30778
2024-11-19 13:04:39,192.168.1.57,192.168.1.158,TCP,34140,30778
2024-11-19 13:04:39,192.168.1.158,192.168.1.57,TCP,30778,34140
2024-11-19 13:04:39,192.168.1.158,192.168.1.57,TCP,30778,34140
2024-11-19 13:04:39,192.168.1.57,192.168.1.158,TCP,34140,30778
2024-11-19 13:04:39,192.168.1.57,192.168.1.158,TCP,34140,30778
2024-11-19 13:04:39,192.168.1.158,192.168.1.57,ICMP,8,0
2024-11-19 13:04:39,192.168.1.57,192.168.1.158,ICMP,0,0
2024-11-19 13:04:39,192.168.1.158,192.168.1.57,TCP,30778,41720
2024-11-19 13:04:39,192.168.1.57,192.168.1.158,TCP,41720,30778
2024-11-19 13:04:40,192.168.1.57,192.168.1.158,TCP,34140,30778
2024-11-19 13:04:40,192.168.1.158,192.168.1.57,TCP,30778,34140
2024-11-19 13:04:40,192.168.1.57,192.168.1.158,TCP,34140,30778
2024-11-19 13:04:40,192.168.1.57,192.168.1.158,TCP,34140,30778
2024-11-19 13:04:40,192.168.1.158,192.168.1.57,TCP,30778,34140
2024-11-19 13:04:40,192.168.1.57,192.168.1.158,TCP,34140,30778
2024-11-19 13:04:40,192.168.1.57,192.168.1.158,TCP,34140,30778
2024-11-19 13:04:40,192.168.1.158,192.168.1.57,TCP,30778,34140
2024-11-19 13:04:40,192.168.1.57,192.168.1.158,TCP,34140,30778
2024-11-19 13:04:40,192.168.1.158,192.168.1.57,TCP,30778,34140
2024-11-19 13:04:40,192.168.1.57,192.168.1.158,TCP,34140,30778
2024-11-19 13:04:40,192.168.1.158,192.168.1.57,TCP,30778,34140
2024-11-19 13:04:40,192.168.1.57,192.168.1.158,TCP,34140,30778
2024-11-19 13:04:40,192.168.1.158,192.168.1.57,ICMP,8,0
2024-11-19 13:04:40,192.168.1.57,192.168.1.158,ICMP,0,0
2024-11-19 13:04:40,192.168.1.158,192.168.1.57,TCP,30778,41720
2024-11-19 13:04:40,192.168.1.57,192.168.1.158,TCP,41720,30778
2024-11-19 13:04:41,192.168.1.57,192.168.1.158,TCP,34140,30778
2024-11-19 13:04:41,192.168.1.158,192.168.1.57,TCP,30778,34140
2024-11-19 13:04:41,192.168.1.57,192.168.1.158,TCP,34140,30778
2024-11-19 13:04:41,192.168.1.158,192.168.1.57,ICMP,8,0
2024-11-19 13:04:41,192.168.1.57,192.168.1.158,ICMP,0,0
2024-11-19 13:04:41,192.168.1.158,192.168.1.57,TCP,30778,41720
2024-11-19 13:04:41,192.168.1.57,192.168.1.158,TCP,41720,30778
2024-11-19 13:04:41,192.168.1.57,192.168.1.158,TCP,34140,30778
2024-11-19 13:04:41,192.168.1.158,192.168.1.57,TCP,30778,34140
2024-11-19 13:04:41,192.168.1.57,192.168.1.158,TCP,34140,30778
2024-11-19 13:04:41,192.168.1.57,192.168.1.158,TCP,34140,30778
2024-11-19 13:04:41,192.168.1.158,192.168.1.57,TCP,30778,34140
2024-11-19 13:04:41,192.168.1.57,192.168.1.158,TCP,34140,30778
2024-11-19 13:04:41,192.168.1.57,192.168.1.158,TCP,34140,30778
2024-11-19 13:04:41,192.168.1.158,192.168.1.57,TCP,30778,34140
2024-11-19 13:04:41,192.168.1.57,192.168.1.158,TCP,34140,30778
2024-11-19 13:04:42,192.168.1.57,192.168.1.158,TCP,34140,30778
2024-11-19 13:04:42,192.168.1.158,192.168.1.57,TCP,30778,34140
2024-11-19 13:04:42,192.168.1.57,192.168.1.158,TCP,34140,30778
2024-11-19 13:04:42,192.168.1.57,192.168.1.158,TCP,34140,30778
2024-11-19 13:04:42,192.168.1.158,192.168.1.57,TCP,30778,34140
2024-11-19 13:04:42,192.168.1.57,192.168.1.158,TCP,34140,30778
2024-11-19 13:04:42,192.168.1.158,192.168.1.57,ICMP,8,0
2024-11-19 13:04:42,192.168.1.57,192.168.1.158,ICMP,0,0
2024-11-19 13:04:42,192.168.1.158,192.168.1.57,TCP,30778,41720
2024-11-19 13:04:42,192.168.1.57,192.168.1.158,TCP,41720,30778
2024-11-19 13:04:42,192.168.1.57,192.168.1.158,TCP,34140,30778
2024-11-19 13:04:42,192.168.1.158,192.168.1.57,TCP,30778,34140
2024-11-19 13:04:42,192.168.1.57,192.168.1.158,TCP,34140,30778
2024-11-19 13:04:43,192.168.1.57,192.168.1.158,TCP,34140,30778
2024-11-19 13:04:43,192.168.1.57,192.168.1.158,TCP,34140,30778
2024-11-19 13:04:43,192.168.1.158,192.168.1.57,ICMP,8,0
2024-11-19 13:04:43,192.168.1.57,192.168.1.158,ICMP,0,0
2024-11-19 13:04:43,192.168.1.158,192.168.1.57,TCP,30778,34140
2024-11-19 13:04:43,192.168.1.158,192.168.1.57,TCP,30778,34140
2024-11-19 13:04:43,192.168.1.57,192.168.1.158,TCP,34140,30778
2024-11-19 13:04:43,192.168.1.158,192.168.1.57,TCP,30778,41720
2024-11-19 13:04:43,192.168.1.57,192.168.1.158,TCP,41720,30778
2024-11-19 13:04:43,192.168.1.57,192.168.1.158,TCP,34140,30778
2024-11-19 13:04:43,192.168.1.158,192.168.1.57,TCP,30778,34140
2024-11-19 13:04:43,192.168.1.57,192.168.1.158,TCP,34140,30778
2024-11-19 13:04:43,192.168.1.57,192.168.1.158,TCP,34140,30778
2024-11-19 13:04:43,192.168.1.158,192.168.1.57,TCP,30778,34140
2024-11-19 13:04:43,192.168.1.57,192.168.1.158,TCP,34140,30778
2024-11-19 13:04:44,192.168.1.57,192.168.1.158,TCP,34140,30778
2024-11-19 13:04:44,192.168.1.158,192.168.1.57,TCP,30778,34140
2024-11-19 13:04:44,192.168.1.57,192.168.1.158,TCP,34140,30778
2024-11-19 13:04:44,192.168.1.158,192.168.1.57,ICMP,8,0
2024-11-19 13:04:44,192.168.1.57,192.168.1.158,ICMP,0,0
2024-11-19 13:04:44,192.168.1.158,192.168.1.57,TCP,30778,41720
2024-11-19 13:04:44,192.168.1.57,192.168.1.158,TCP,41720,30778
2024-11-19 13:04:44,192.168.1.57,192.168.1.158,TCP,34140,30778
2024-11-19 13:04:44,192.168.1.158,192.168.1.57,TCP,30778,34140
2024-11-19 13:04:44,192.168.1.57,192.168.1.158,TCP,34140,30778
2024-11-19 13:04:45,192.168.1.158,192.168.1.57,ICMP,8,0
2024-11-19 13:04:45,192.168.1.57,192.168.1.158,ICMP,0,0
2024-11-19 13:04:46,192.168.1.158,192.168.1.57,TCP,30778,41720
2024-11-19 13:04:46,192.168.1.57,192.168.1.158,TCP,41720,30778
2024-11-19 13:04:46,192.168.1.158,192.168.1.57,ICMP,8,0
2024-11-19 13:04:46,192.168.1.57,192.168.1.158,ICMP,0,0
2024-11-19 13:04:46,192.168.1.158,192.168.1.57,TCP,30778,41720
2024-11-19 13:04:46,192.168.1.57,192.168.1.158,TCP,41720,30778
2024-11-19 13:04:47,192.168.1.158,192.168.1.57,TCP,30778,34140
2024-11-19 13:04:47,192.168.1.158,192.168.1.57,ICMP,8,0
2024-11-19 13:04:47,192.168.1.158,192.168.1.57,TCP,30778,34140
2024-11-19 13:04:47,192.168.1.158,192.168.1.57,TCP,30778,34140
2024-11-19 13:04:47,192.168.1.57,192.168.1.158,ICMP,0,0
2024-11-19 13:04:47,192.168.1.57,192.168.1.158,TCP,34140,30778
2024-11-19 13:04:47,192.168.1.57,192.168.1.158,TCP,34140,30778
2024-11-19 13:04:47,192.168.1.57,192.168.1.158,TCP,34140,30778
2024-11-19 13:04:47,192.168.1.158,192.168.1.57,TCP,30778,41720
2024-11-19 13:04:47,192.168.1.57,192.168.1.158,TCP,41720,30778
2024-11-19 13:04:47,192.168.1.158,192.168.1.57,TCP,30778,34140
2024-11-19 13:04:47,192.168.1.57,192.168.1.158,TCP,34140,30778
2024-11-19 13:04:48,192.168.1.158,192.168.1.57,ICMP,8,0
2024-11-19 13:04:48,192.168.1.57,192.168.1.158,ICMP,0,0
2024-11-19 13:04:49,192.168.1.158,192.168.1.57,TCP,30778,41720
2024-11-19 13:04:49,192.168.1.57,192.168.1.158,TCP,41720,30778
2024-11-19 13:04:49,192.168.1.158,192.168.1.57,ICMP,8,0
2024-11-19 13:04:49,192.168.1.57,192.168.1.158,ICMP,0,0
2024-11-19 13:04:49,192.168.1.158,192.168.1.57,TCP,30778,41720
2024-11-19 13:04:49,192.168.1.57,192.168.1.158,TCP,41720,30778
2024-11-19 13:04:50,192.168.1.158,192.168.1.57,ICMP,8,0
2024-11-19 13:04:50,192.168.1.57,192.168.1.158,ICMP,0,0
2024-11-19 13:04:50,192.168.1.158,192.168.1.57,TCP,30778,41720
2024-11-19 13:04:50,192.168.1.57,192.168.1.158,TCP,41720,30778
2024-11-19 13:04:51,192.168.1.158,192.168.1.57,ICMP,8,0
2024-11-19 13:04:51,192.168.1.57,192.168.1.158,ICMP,0,0
2024-11-19 13:04:51,192.168.1.158,192.168.1.57,TCP,30778,41720
2024-11-19 13:04:51,192.168.1.57,192.168.1.158,TCP,41720,30778
2024-11-19 13:04:52,192.168.1.158,192.168.1.57,ICMP,8,0
2024-11-19 13:04:52,192.168.1.57,192.168.1.158,ICMP,0,0
2024-11-19 13:04:53,192.168.1.158,192.168.1.57,TCP,30778,41720
2024-11-19 13:04:53,192.168.1.57,192.168.1.158,TCP,41720,30778
2024-11-19 13:04:53,192.168.1.57,192.168.1.158,TCP,34140,30778
2024-11-19 13:04:53,192.168.1.158,192.168.1.57,TCP,30778,34140
2024-11-19 13:04:53,192.168.1.158,192.168.1.57,ICMP,8,0
2024-11-19 13:04:53,192.168.1.158,192.168.1.57,TCP,30778,34140
2024-11-19 13:04:53,192.168.1.158,192.168.1.57,TCP,30778,34140
2024-11-19 13:04:53,192.168.1.57,192.168.1.158,ICMP,0,0
2024-11-19 13:04:53,192.168.1.57,192.168.1.158,TCP,34140,30778
2024-11-19 13:04:53,192.168.1.57,192.168.1.158,TCP,34140,30778
2024-11-19 13:04:53,192.168.1.57,192.168.1.158,TCP,34140,30778
2024-11-19 13:04:53,192.168.1.57,192.168.1.158,TCP,34140,30778
2024-11-19 13:04:53,192.168.1.57,192.168.1.158,TCP,34140,30778
2024-11-19 13:04:53,192.168.1.57,192.168.1.158,TCP,34140,30778
2024-11-19 13:04:53,192.168.1.158,192.168.1.57,TCP,30778,34140
2024-11-19 13:04:53,192.168.1.158,192.168.1.57,TCP,30778,41720
2024-11-19 13:04:53,192.168.1.57,192.168.1.158,TCP,41720,30778
2024-11-19 13:04:53,192.168.1.158,192.168.1.57,TCP,30778,34140
2024-11-19 13:04:53,192.168.1.57,192.168.1.158,TCP,34140,30778
2024-11-19 13:04:54,192.168.1.158,192.168.1.57,ICMP,8,0
2024-11-19 13:04:54,192.168.1.57,192.168.1.158,ICMP,0,0
2024-11-19 13:04:55,192.168.1.158,192.168.1.57,TCP,30778,41720
2024-11-19 13:04:55,192.168.1.57,192.168.1.158,TCP,41720,30778
2024-11-19 13:04:55,192.168.1.158,192.168.1.57,ICMP,8,0
2024-11-19 13:08:34,192.168.1.158,192.168.1.57,ICMP,8,0
2024-11-19 13:08:34,192.168.1.57,192.168.1.158,ICMP,0,0
2024-11-19 13:08:34,192.168.1.158,192.168.1.57,TCP,30778,41720
2024-11-19 13:08:35,192.168.1.57,192.168.1.158,TCP,41720,30778
2024-11-19 13:08:35,192.168.1.158,192.168.1.57,ICMP,8,0
2024-11-19 13:08:35,192.168.1.57,192.168.1.158,ICMP,0,0
2024-11-19 13:08:36,192.168.1.158,192.168.1.57,TCP,30778,41720
2024-11-19 13:08:36,192.168.1.57,192.168.1.158,TCP,41720,30778
2024-11-19 13:08:37,192.168.1.158,192.168.1.57,ICMP,8,0
2024-11-19 13:08:37,192.168.1.57,192.168.1.158,ICMP,0,0
2024-11-19 13:08:37,192.168.1.158,192.168.1.57,TCP,30778,41720
2024-11-19 13:08:37,192.168.1.57,192.168.1.158,TCP,41720,30778
2024-11-19 13:08:38,192.168.1.158,192.168.1.57,ICMP,8,0
2024-11-19 13:08:38,192.168.1.57,192.168.1.158,ICMP,0,0
2024-11-19 13:08:38,192.168.1.158,192.168.1.57,TCP,30778,41720
2024-11-19 13:08:38,192.168.1.57,192.168.1.158,TCP,41720,30778
2024-11-19 13:08:39,192.168.1.158,192.168.1.57,ICMP,8,0
2024-11-19 13:08:39,192.168.1.57,192.168.1.158,ICMP,0,0
2024-11-19 13:08:39,192.168.1.158,192.168.1.57,TCP,30778,41720
2024-11-19 13:08:39,192.168.1.57,192.168.1.158,TCP,41720,30778
2024-11-19 13:08:39,192.168.1.158,192.168.1.57,ICMP,8,0
2024-11-19 13:08:39,192.168.1.57,192.168.1.158,ICMP,0,0
2024-11-19 13:08:40,192.168.1.158,192.168.1.57,TCP,30778,41720
2024-11-19 13:08:40,192.168.1.57,192.168.1.158,TCP,41720,30778
2024-11-19 13:08:41,192.168.1.158,192.168.1.57,ICMP,8,0
2024-11-19 13:08:41,192.168.1.57,192.168.1.158,ICMP,0,0
2024-11-19 13:08:41,192.168.1.158,192.168.1.57,TCP,30778,41720
2024-11-19 13:08:41,192.168.1.57,192.168.1.158,TCP,41720,30778
2024-11-19 13:08:42,192.168.1.158,192.168.1.57,ICMP,8,0
2024-11-19 13:08:42,192.168.1.57,192.168.1.158,ICMP,0,0
2024-11-19 13:08:42,192.168.1.158,192.168.1.57,TCP,30778,41720
2024-11-19 13:08:42,192.168.1.57,192.168.1.158,TCP,41720,30778
2024-11-19 13:08:43,192.168.1.158,192.168.1.57,ICMP,8,0
2024-11-19 13:08:43,192.168.1.57,192.168.1.158,ICMP,0,0
2024-11-19 13:08:43,192.168.1.158,192.168.1.57,TCP,30778,41720
2024-11-19 13:08:43,192.168.1.57,192.168.1.158,TCP,41720,30778
2024-11-19 13:08:43,192.168.1.57,192.168.1.158,TCP,41720,30778
2024-11-19 13:08:43,192.168.1.158,192.168.1.57,TCP,30778,41720
2024-11-19 13:08:43,192.168.1.158,192.168.1.57,ICMP,8,0
